Workbook
Name Slicer_Developer_Company: #N/A
Name Slicer_Popularity_Score__1_10: #N/A

Sheet AI_Tools_List
A1: AI Name | B1: Developer/Company | C1: Release Year | D1: AI Type | E1: Main Use Case | F1: Popularity Score (1-10) | G1: Estimated_Valuation_Billion_USD
A2: ChatGPT | B2: OpenAI | C2: 2022 | D2: Chatbot | E2: Text Generation | F2: 10 | G2: 85
A3: Claude | B3: Anthropic | C3: 2023 | D3: Chatbot | E3: Text Generation | F3: 8.5 | G3: 4.5
A4: Gemini | B4: Google DeepMind | C4: 2023 | D4: Chatbot | E4: Text Generation | F4: 8.5 | G4: 15
A5: Copilot | B5: Microsoft | C5: 2023 | D5: Coding Assistant | E5: Code Completion | F5: 8 | G5: NaN
A6: Midjourney | B6: Midjourney | C6: 2022 | D6: Image Generator | E6: Art Generation | F6: 9 | G6: 1.5
A7: DALL·E | B7: OpenAI | C7: 2021 | D7: Image Generator | E7: Art Generation | F7: 8.5 | G7: 85
A8: Stable Diffusion | B8: Stability AI | C8: 2022 | D8: Image Generator | E8: Art Generation | F8: 8 | G8: 4
A9: Bard (Old) | B9: Google | C9: 2023 | D9: Chatbot | E9: Text Generation | F9: 7.5 | G9: 15
A10: DeepSeek | B10: DeepSeek AI | C10: 2024 | D10: Chatbot | E10: Text + Code Generation | F10: 7.5 | G10: 0.1
A11: LLaMA | B11: Meta | C11: 2023 | D11: LLM | E11: Research | F11: 7 | G11: 10
A12: Replika | B12: Luka, Inc. | C12: 2017 | D12: Chatbot | E12: Companion | F12: 6.5 | G12: 0.3
A13: Character.AI | B13: Character Technologies | C13: 2022 | D13: Chatbot | E13: Roleplay & Companion | F13: 7.5 | G13: 1.2
A14: YouChat | B14: You.com | C14: 2022 | D14: Chatbot | E14: Search Assistant | F14: 6.5 | G14: 0.1
A15: Poe | B15: Quora | C15: 2023 | D15: Chatbot Hub | E15: Multi-AI Access | F15: 6 | G15: 1
A16: Pi | B16: Inflection AI | C16: 2023 | D16: Chatbot | E16: Emotional Support | F16: 6.5 | G16: 1
A17: Perplexity | B17: Perplexity AI | C17: 2023 | D17: Chatbot | E17: Search + QA | F17: 7 | G17: 0.1
... A41: Adept ACT-1 | B41: Adept AI | C41: 2023 | D41: Action Agent | E41: UI Automation | F41: 6 | G41: 0.1

Sheet Sheet1
A3: Row Labels | B3: Sum of Release Year | C3: Average of Popularity Score (1-10) | K3: Row Labels | L3: Sum of Popularity Score (1-10)
A4: Blackbox AI | B4: 2022 | C4: 6.5 | K4: ChatGPT | L4: 10 | M4: Text Generation | N4: Art Generation
A5: Descript | B5: 2020 | C5: 6.5 | K5: Midjourney | L5: 9
A6: Grok | B6: 2023 | C6: 6.5 | K6: Gemini | L6: 8.5 | M6: Row Labels | N6: Sum of 2022
A7: HeyGen | B7: 2022 | C7: 6.5 | K7: Claude | L7: 8.5 | M7: Image Generator | N7: 6065
A8: Jasper | B8: 2021 | C8: 6.5 | K8: DALL·E | L8: 8.5 | M8: Grand Total | N8: 6065
A9: Krea AI | B9: 2023 | C9: 6.5 | K9: Stable Diffusion | L9: 8
A10: Leonardo.Ai | B10: 2023 | C10: 6.5 | K10: Copilot | L10: 8
A11: Murf AI | B11: 2021 | C11: 6.5 | K11: Grand Total | L11: 60.5
A12: Pi | B12: 2023 | C12: 6.5
A13: Replika | B13: 2017 | C13: 6.5
A14: Tabnine | B14: 2020 | C14: 6.5
A15: Tome | B15: 2022 | C15: 6.5
A16: YouChat | B16: 2022 | C16: 6.5
A17: Grand Total | B17: 26279 | C17: 6.5
A46: Row Labels | B46: Sum of Popularity Score (1-10)
A47: Grand Total | D47: ujn | E47: Average of Estimated_Valuation_Billion_USD
D48: Research Assistant | E48: 0.1
D49: Grand Total | E49: 0.1

Sheet Sheet2
J3: =Sheet1!A3 -> Row Labels | K3: Release Year | L3: =Sheet1!C3 -> Average of Popularity Score (1-10)
J4: =Sheet1!A4 -> Blackbox AI | K4: =Sheet1!B4 -> 2022 | L4: =Sheet1!C4 -> 6.5
J5: =Sheet1!A5 -> Descript | K5: =Sheet1!B5 -> 2020 | L5: =Sheet1!C5 -> 6.5
J6: =Sheet1!A6 -> Grok | K6: =Sheet1!B6 -> 2023 | L6: =Sheet1!C6 -> 6.5
J7: =Sheet1!A7 -> HeyGen | K7: =Sheet1!B7 -> 2022 | L7: =Sheet1!C7 -> 6.5
J8: =Sheet1!A8 -> Jasper | K8: =Sheet1!B8 -> 2021 | L8: =Sheet1!C8 -> 6.5
J9: =Sheet1!A9 -> Krea AI | K9: =Sheet1!B9 -> 2023 | L9: =Sheet1!C9 -> 6.5
J10: =Sheet1!A10 -> Leonardo.Ai | K10: =Sheet1!B10 -> 2023 | L10: =Sheet1!C10 -> 6.5
J11: =Sheet1!A11 -> Murf AI | K11: =Sheet1!B11 -> 2021 | L11: =Sheet1!C11 -> 6.5
J12: =Sheet1!A12 -> Pi | K12: =Sheet1!B12 -> 2023 | L12: =Sheet1!C12 -> 6.5
J13: =Sheet1!A13 -> Replika | K13: =Sheet1!B13 -> 2017 | L13: =Sheet1!C13 -> 6.5
J14: =Sheet1!A14 -> Tabnine | K14: =Sheet1!B14 -> 2020 | L14: =Sheet1!C14 -> 6.5
J15: =Sheet1!A15 -> Tome | K15: =Sheet1!B15 -> 2022 | L15: =Sheet1!C15 -> 6.5
... J37: =Sheet1!A37 -> 0 | K37: =Sheet1!B37 -> 0 | L37: =Sheet1!C37 -> 0
